id,user_id,movie_id,watched_on
1,913,410,2025-07-17
2,2007,3658,2024-10-12
3,840,1425,2027-04-24
4,3457,521,2024-03-02
5,768,3583,2025-04-21
6,4140,435,2027-02-23
7,1629,6874,2025-03-27
8,3680,4558,2024-01-14
9,1308,6925,2025-11-27
10,2277,2548,2025-03-16
11,2758,1675,2024-07-08
12,3113,1585,2026-01-05
13,2818,4334,2024-03-29
14,3764,8786,2024-09-12
15,3101,1292,2027-02-04
16,2402,5926,2027-03-28
17,1576,1140,2024-04-03
18,1867,4742,2024-06-12
19,1908,1655,2026-02-17
20,2278,7429,2027-07-25
21,2989,2665,2026-01-28
22,2911,3433,2027-10-04
23,2188,1170,2027-06-01
24,1402,8752,2025-05-16
25,1339,7574,2026-02-16
26,2212,3599,2027-11-03
27,2657,917,2025-04-14
28,263,5169,2026-04-01
29,2194,1085,2025-03-08
30,4647,5156,2025-03-11
31,4090,6483,2027-08-09
32,3759,2341,2025-06-26
33,1144,4041,2027-02-23
34,4416,4305,2027-04-12
35,3510,6544,2026-01-11
36,1797,2267,2026-11-09
37,4043,1490,2024-04-06
38,899,2505,2027-07-09
39,1311,6917,2027-05-06
40,521,6305,2026-02-20
41,4882,7669,2026-12-19
42,2060,189,2027-10-25
43,939,8798,2025-06-30
44,2787,1828,2025-08-24
45,3562,2592,2026-07-18
46,27,4316,2026-10-22
47,1464,8318,2024-08-05
48,2445,8318,2027-06-01
49,1630,2505,2026-02-04
50,1324,8838,2026-12-22
51,5,5311,2026-09-27
52,160,1833,2026-01-13
53,2520,3924,2024-04-28
54,1974,1291,2024-06-24
55,3982,1134,2026-12-26
56,1031,2104,2027-09-13
57,3894,2706,2025-06-26
58,4323,6933,2025-03-09
59,4418,3296,2027-12-31
60,2554,6538,2027-10-07
61,3060,7178,2026-11-25
62,3699,1983,2025-05-22
63,1841,1050,2025-11-23
64,173,3771,2027-04-20
65,1805,118,2024-05-25
66,483,3751,2024-05-18
67,258,5414,2024-05-25
68,4212,3900,2025-07-24
69,3977,3511,2027-01-09
70,1084,7745,2025-05-12
71,3875,6670,2025-01-24
72,773,1589,2027-09-11
73,3532,5805,2026-05-17
74,3368,7652,2024-04-20
75,807,994,2026-04-04
76,2780,1791,2025-05-24
77,1570,3117,2027-01-03
78,3676,2297,2026-05-14
79,1504,4564,2026-08-05
80,2047,1236,2026-06-26
81,4509,1605,2024-04-13
82,4429,242,2024-07-10
83,1937,2725,2026-04-12
84,3979,7887,2025-03-13
85,3286,961,2024-12-03
86,3105,36,2026-03-10
87,2173,7455,2025-08-07
88,3466,7974,2024-11-13
89,1556,4862,2025-03-21
90,480,8884,2024-05-04
91,2570,937,2024-04-12
92,4786,7812,2026-10-26
93,4351,2580,2024-04-26
94,4161,1313,2025-01-15
95,562,1114,2027-10-14
96,1927,6616,2024-09-02
97,4667,4034,2027-03-31
98,4871,652,2027-06-22
99,672,6869,2027-09-08
100,4782,8566,2025-10-09
101,2137,3347,2027-10-03
102,2574,3911,2025-06-27
103,3243,2145,2027-10-07
104,2458,7492,2025-10-09
105,595,153,2026-07-27
106,4613,1639,2024-05-30
107,4405,3493,2026-11-02
108,2173,2171,2025-12-15
109,564,4003,2026-01-26
110,2335,2585,2026-06-16
111,4451,4957,2027-06-06
112,4334,129,2027-09-29
113,4544,4906,2027-09-20
114,849,2201,2025-06-25
115,946,1754,2027-02-07
116,1274,4463,2025-07-31
117,4955,3451,2025-12-03
118,1668,4326,2026-11-01
119,4003,4115,2024-04-14
120,757,6940,2025-07-20
121,362,59,2025-11-14
122,1072,4292,2024-11-26
123,3620,7008,2027-02-22
124,80,1833,2024-06-03
125,1222,591,2026-01-26
126,4772,2427,2026-05-30
127,1045,686,2025-09-23
128,2988,654,2026-01-02
129,1721,4089,2027-09-27
130,843,5795,2027-02-20
131,3330,2533,2025-04-29
132,1332,2901,2026-04-24
133,204,2939,2025-11-11
134,3373,4066,2025-06-30
135,1305,1772,2026-02-22
136,318,7712,2025-03-31
137,1635,7542,2025-12-17
138,2501,3729,2025-04-01
139,194,3165,2026-03-27
140,2690,4565,2024-05-22
141,2287,5754,2027-08-06
142,4174,6549,2027-10-23
143,4393,5426,2024-02-26
144,945,4280,2024-12-31
145,4757,4350,2024-03-19
146,889,7120,2025-12-08
147,2570,7150,2027-05-26
148,4190,1895,2026-02-27
149,4724,3115,2025-06-05
150,364,7145,2024-01-04
151,4260,8822,2027-11-07
152,1615,5968,2026-06-02
153,574,5410,2027-06-30
154,2572,2042,2025-09-07
155,4155,5068,2027-09-27
156,3346,5345,2026-04-04
157,2423,2086,2025-01-27
158,3445,6212,2027-10-19
159,1426,4931,2026-04-11
160,4489,7,2025-09-14
161,2351,3444,2026-05-30
162,4752,5280,2026-08-10
163,3620,7245,2027-10-15
164,1751,8376,2026-08-27
165,1391,1390,2025-08-04
166,4223,5492,2024-07-10
167,1925,5086,2025-04-05
168,1632,2415,2024-02-20
169,379,4012,2026-08-31
170,597,7462,2026-04-28
171,4716,3186,2027-11-27
172,3146,8100,2026-03-29
173,1999,2418,2027-09-05
174,46,1747,2026-05-20
175,1793,2882,2027-11-26
176,4244,7612,2024-04-12
177,4567,4083,2024-09-05
178,3740,2185,2026-08-09
179,4352,5199,2026-06-25
180,4136,6992,2027-01-27
181,3653,2608,2026-08-30
182,3687,4247,2025-05-21
183,2272,8541,2026-09-19
184,1960,4500,2026-06-19
185,635,4682,2025-04-25
186,2226,5503,2025-10-16
187,4425,1321,2024-10-10
188,1236,3789,2026-02-23
189,1252,3506,2024-05-11
190,3399,6679,2025-11-08
191,4446,7634,2026-05-01
192,511,3389,2026-05-10
193,3191,321,2027-03-25
194,3117,7815,2024-01-13
195,2882,4893,2026-03-09
196,3433,8819,2027-01-23
197,4942,3614,2026-09-26
198,1798,4472,2026-06-11
199,3979,476,2026-03-07
200,2754,6625,2024-12-04
201,3829,2092,2027-06-28
202,4376,442,2026-03-17
203,4849,445,2024-06-20
204,3512,2224,2026-08-03
205,1489,824,2025-06-16
206,3106,5364,2025-03-09
207,3725,5356,2025-11-22
208,3106,4559,2026-05-13
209,2067,1342,2026-08-21
210,159,8838,2024-04-16
211,2867,3674,2027-08-24
212,563,660,2024-03-04
213,2026,3267,2024-02-11
214,1249,3909,2024-09-15
215,3880,1875,2027-03-01
216,1786,7620,2027-12-03
217,2100,6044,2024-12-09
218,4964,1877,2024-12-01
219,2549,1772,2027-03-31
220,211,5112,2027-03-25
221,3075,6499,2025-02-10
222,623,3979,2024-07-27
223,2471,1984,2027-03-05
224,337,5689,2026-12-27
225,3510,6072,2024-05-21
226,4145,5591,2024-01-26
227,3442,8032,2024-08-04
228,3552,5935,2027-07-25
229,3767,2507,2026-06-10
230,1443,8549,2027-08-25
231,2213,8818,2026-09-17
232,3809,7137,2027-04-28
233,2199,5281,2025-05-17
234,710,4570,2026-07-12
235,1998,7614,2027-03-13
236,5000,6210,2025-11-19
237,236,8099,2025-10-27
238,1490,7989,2025-03-10
239,2907,4233,2025-11-28
240,2291,4527,2027-02-12
241,84,8465,2025-01-26
242,702,3955,2026-04-12
243,4003,3938,2027-11-15
244,3901,8042,2026-07-06
245,142,1525,2025-08-25
246,1816,6626,2027-11-17
247,1994,5017,2027-09-21
248,4765,6047,2026-08-27
249,4535,8699,2025-12-05
250,3486,5420,2025-12-21
251,3718,4439,2025-09-19
252,2060,3778,2024-09-04
253,1578,5170,2024-09-01
254,4390,3034,2025-01-27
255,1773,7934,2025-07-20
256,4830,8596,2027-05-07
257,2319,1648,2025-02-01
258,2427,3728,2026-01-09
259,1470,4953,2024-01-29
260,4376,2074,2025-07-15
261,373,894,2027-02-07
262,2394,2069,2027-07-30
263,4022,1681,2024-01-26
264,4703,4659,2026-08-19
265,3922,7217,2025-11-28
266,1511,842,2025-06-01
267,3914,1870,2024-05-13
268,3283,8057,2024-05-31
269,4727,879,2024-11-06
270,1223,4979,2024-06-23
271,2034,1941,2027-02-16
272,3410,3698,2026-12-06
273,3117,7382,2026-06-25
274,2436,7026,2025-09-17
275,4659,987,2027-06-02
276,813,3405,2027-07-05
277,1729,4336,2027-09-14
278,666,2574,2025-05-06
279,1424,1230,2024-11-16
280,22,6694,2026-07-11
281,4865,7700,2025-08-19
282,268,3793,2025-08-13
283,2317,7439,2024-05-25
284,1913,4335,2027-07-04
285,4832,3242,2026-05-20
286,941,3684,2027-08-19
287,1221,4353,2024-10-18
288,585,978,2024-12-05
289,2520,4729,2026-06-18
290,1019,7680,2027-11-11
291,2492,6595,2025-07-11
292,4100,8848,2026-10-08
293,3587,1318,2027-05-09
294,327,7079,2025-10-22
295,4946,4103,2024-02-22
296,749,3751,2027-10-12
297,4713,340,2027-10-08
298,2208,660,2024-12-24
299,3855,8503,2027-08-27
300,3623,4558,2025-01-06
301,4796,7142,2027-07-24
302,4029,1495,2026-08-20
303,2851,6691,2025-11-13
304,2631,1714,2024-11-25
305,2702,6745,2027-11-21
306,4059,4723,2027-09-18
307,3281,602,2026-07-20
308,722,5154,2025-05-31
309,2649,1900,2026-04-07
310,4216,19,2027-09-08
311,4445,7570,2026-04-26
312,445,3074,2026-11-27
313,2964,8168,2027-07-04
314,3622,846,2025-02-20
315,2188,2147,2025-08-12
316,3590,7942,2024-09-05
317,237,3921,2027-12-24
318,1298,5092,2027-02-02
319,113,6685,2024-07-09
320,1841,1859,2026-08-03
321,963,2523,2026-10-17
322,2391,8338,2027-12-15
323,2240,6808,2026-09-15
324,3869,3994,2026-07-24
325,4516,2370,2026-02-24
326,1562,8328,2024-10-06
327,572,4527,2026-04-29
328,2785,8319,2025-07-01
329,22,4635,2025-09-03
330,4809,8023,2024-10-31
331,3659,8825,2026-09-18
332,2828,5447,2027-02-04
333,4452,6181,2026-07-21
334,2637,3091,2027-11-29
335,1957,6275,2025-04-23
336,3366,716,2025-10-13
337,3875,6247,2026-03-01
338,1247,8116,2024-03-16
339,1035,8230,2027-04-23
340,2720,1645,2026-06-20
341,817,8618,2026-07-24
342,126,2362,2026-04-19
343,1265,1226,2026-08-19
344,2172,5547,2027-06-30
345,3257,1316,2025-11-03
346,4372,6227,2025-10-10
347,3998,8865,2024-03-14
348,561,3847,2027-07-16
349,2355,3728,2024-07-04
350,3556,1613,2027-07-21
351,824,7270,2024-12-06
352,2454,475,2024-04-04
353,2658,920,2025-08-23
354,2937,6142,2026-06-01
355,1193,4001,2026-12-23
356,3376,2951,2024-12-14
357,1435,1294,2027-06-02
358,3134,3946,2026-10-16
359,4778,2345,2025-04-20
360,3778,4162,2026-07-30
361,2092,154,2026-08-10
362,2357,2589,2024-05-31
363,3619,5662,2027-04-18
364,2451,6952,2027-11-14
365,2049,7485,2025-09-10
366,1632,6303,2026-09-16
367,874,3887,2026-02-20
368,4686,5882,2027-03-23
369,2424,4838,2024-02-14
370,3243,4498,2024-01-17
371,4637,804,2027-05-26
372,4070,4690,2025-04-16
373,4974,5773,2025-03-24
374,1558,4107,2027-10-20
375,1121,1592,2027-07-09
376,323,5062,2026-06-21
377,274,5978,2024-09-26
378,739,4836,2025-10-31
379,3404,2878,2025-02-15
380,1083,8838,2026-01-19
381,4349,8222,2025-07-12
382,1348,4211,2026-09-13
383,2418,5550,2024-08-23
384,3837,1234,2024-10-15
385,1849,6512,2027-02-15
386,2997,1480,2026-03-19
387,115,4333,2027-01-03
388,1013,7452,2026-01-24
389,2148,6243,2027-07-31
390,3044,1776,2027-10-14
391,1916,7725,2024-02-21
392,4600,5375,2027-06-03
393,1814,1036,2027-07-25
394,3804,4952,2027-08-22
395,3345,1912,2024-10-13
396,372,610,2025-09-15
397,4036,1903,2024-07-18
398,1924,8808,2024-10-04
399,3184,7433,2026-01-29
400,4426,6867,2027-04-17
401,1266,6798,2027-09-03
402,812,8018,2027-06-14
403,3344,4584,2024-03-08
404,3036,3560,2026-06-27
405,3643,3869,2026-01-12
406,814,6019,2027-01-20
407,2939,993,2026-03-26
408,2261,3110,2024-09-07
409,3726,1502,2027-09-19
410,1738,350,2024-04-13
411,2733,3991,2024-09-14
412,4626,3363,2024-05-20
413,4541,3395,2027-04-15
414,1770,3818,2025-11-03
415,1209,47,2025-07-21
416,1186,2130,2027-01-11
417,2054,2859,2024-08-13
418,212,2160,2024-01-31
419,2935,3899,2027-04-20
420,2653,259,2024-12-22
421,2174,859,2024-09-16
422,3449,8620,2024-08-20
423,521,7803,2026-07-07
424,2966,8409,2027-04-30
425,894,7406,2026-10-28
426,1815,711,2027-09-11
427,4272,4942,2026-07-27
428,256,997,2026-09-07
429,3291,6985,2027-11-06
430,885,8033,2027-12-29
431,3634,1205,2024-06-14
432,2639,2431,2024-05-14
433,1034,4506,2027-07-02
434,4796,5328,2026-02-19
435,4894,8693,2025-08-26
436,3717,8283,2027-05-24
437,3525,1625,2027-12-08
438,938,3523,2026-05-30
439,3700,3744,2026-04-27
440,2777,7431,2026-03-27
441,3408,1558,2025-10-02
442,3497,5121,2027-09-24
443,2089,6133,2024-11-08
444,3886,1100,2024-07-05
445,700,1528,2026-06-03
446,792,6106,2024-09-23
447,4558,983,2027-04-16
448,4601,5401,2027-10-04
449,1002,6731,2025-12-25
450,3465,843,2025-08-12
451,4919,5120,2025-12-21
452,849,8314,2025-03-11
453,1268,7901,2025-04-04
454,887,5737,2027-02-13
455,3012,1883,2025-07-24
456,4704,3706,2026-05-28
457,4596,431,2027-06-01
458,2191,475,2025-01-04
459,2239,5063,2025-11-26
460,2876,101,2025-01-06
461,1174,6567,2024-05-22
462,1163,503,2024-07-06
463,4346,3525,2026-02-09
464,3440,7433,2025-11-29
465,1290,6063,2025-09-30
466,2658,1392,2024-04-17
467,1275,2580,2027-06-19
468,408,1337,2025-07-11
469,3630,6948,2026-09-21
470,4974,7243,2026-04-28
471,2238,3532,2026-11-15
472,933,5656,2026-05-30
473,909,4641,2027-10-20
474,4859,7973,2026-12-15
475,2527,745,2025-03-27
476,3238,898,2024-01-16
477,1675,4939,2025-03-08
478,1125,4187,2025-08-15
479,2688,1966,2024-01-16
480,4075,7056,2024-12-25
481,1059,6230,2026-12-26
482,1886,8197,2027-02-18
483,2902,1181,2026-03-24
484,347,7148,2024-02-08
485,3767,1276,2025-10-03
486,4717,7034,2027-03-20
487,3314,6844,2025-08-15
488,944,6637,2024-02-12
489,2661,2816,2027-06-19
490,3770,5929,2024-06-29
491,3578,1735,2025-05-13
492,3570,6561,2026-12-09
493,645,6485,2025-09-27
494,2782,3631,2025-11-13
495,1378,1252,2026-11-11
496,935,8694,2026-11-10
497,1589,5725,2025-12-20
498,1210,3872,2024-07-29
499,1200,4194,2025-02-08
500,1422,2505,2027-09-04
501,618,2903,2027-07-10
502,4048,7602,2027-02-28
503,4748,7355,2027-10-26
504,4625,5296,2027-07-08
505,2590,2474,2026-06-19
506,560,7683,2026-06-24
507,2481,4501,2027-04-26
508,461,5767,2026-11-05
509,608,5086,2026-08-03
510,3703,617,2024-04-26
511,3021,4704,2024-06-06
512,740,8308,2026-02-26
513,3791,673,2026-07-10
514,4684,3085,2025-10-20
515,4957,7793,2026-10-23
516,1236,1014,2026-07-11
517,848,5627,2024-06-21
518,4134,2828,2024-03-21
519,2030,7173,2026-06-18
520,4294,8565,2027-06-02
521,1301,5963,2026-02-02
522,2318,6348,2026-04-17
523,2772,858,2027-07-16
524,2742,1080,2025-11-06
525,775,6334,2025-08-04
526,2065,2464,2025-11-13
527,668,2318,2025-12-17
528,2542,6422,2024-09-21
529,4875,1389,2025-09-26
530,4579,6172,2027-08-10
531,2691,2094,2027-10-04
532,4313,1532,2027-08-16
533,3469,8332,2026-01-11
534,150,5941,2025-09-24
535,1477,3510,2025-11-30
536,3984,3146,2025-04-08
537,1127,2539,2024-06-07
538,2424,1658,2026-11-05
539,4422,8627,2024-03-18
540,2759,2148,2027-05-08
541,3087,2528,2024-11-28
542,1482,2713,2026-06-15
543,358,6732,2026-01-16
544,1946,7278,2027-06-04
545,2335,7356,2025-04-24
546,4375,3919,2025-09-25
547,3843,3179,2026-01-23
548,4673,7219,2026-08-03
549,2309,6257,2026-10-26
550,4321,6860,2024-11-27
551,1636,2268,2025-05-27
552,428,7874,2026-01-30
553,4543,1681,2027-12-27
554,4227,2043,2025-08-06
555,688,2627,2025-07-12
556,3681,8411,2024-10-28
557,3584,1503,2025-03-30
558,3696,5728,2024-02-24
559,3399,873,2026-03-22
560,4113,6127,2025-04-27
561,3164,1338,2026-02-06
562,1840,462,2025-10-14
563,812,5494,2024-10-26
564,1128,628,2025-08-10
565,3871,2274,2027-12-15
566,3843,7350,2027-06-14
567,44,1299,2024-02-08
568,2097,3534,2024-11-02
569,4496,8648,2026-05-16
570,911,4721,2025-05-01
571,2468,1997,2024-04-07
572,1954,6879,2027-08-01
573,3745,1030,2024-08-15
574,4095,8783,2024-02-03
575,4222,3964,2024-10-21
576,2387,7033,2024-01-04
577,2891,3942,2027-03-14
578,3413,3069,2027-09-22
579,702,8577,2026-01-08
580,555,8619,2027-01-19
581,4157,8317,2027-02-08
582,167,6398,2026-08-20
583,357,6339,2026-02-03
584,2078,267,2026-01-01
585,554,5650,2025-05-08
586,850,5448,2024-09-30
587,364,5773,2027-01-23
588,2774,2869,2027-11-03
589,3807,7841,2027-07-17
590,1494,2210,2024-05-09
591,3750,606,2025-08-23
592,1652,718,2025-02-12
593,344,5171,2025-09-27
594,4223,6525,2027-01-17
595,3879,4151,2024-03-15
596,1566,4688,2026-01-01
597,392,5439,2025-07-13
598,1020,6030,2026-06-13
599,3277,7205,2026-03-02
600,2778,3061,2026-10-13
601,4076,6019,2026-11-29
602,2185,1354,2026-05-19
603,647,7056,2027-05-18
604,1479,4814,2025-10-19
605,841,1312,2025-11-02
606,2422,5022,2026-07-02
607,4937,6982,2024-12-07
608,3637,5760,2026-07-04
609,347,5777,2027-06-13
610,3564,4499,2027-08-02
611,470,1230,2027-10-06
612,3328,5953,2026-11-16
613,1311,511,2024-10-19
614,4978,7180,2024-03-12
615,1035,1102,2025-04-28
616,3001,5934,2026-02-23
617,4647,531,2027-05-24
618,1257,7372,2026-01-29
619,3048,7274,2024-06-06
620,4702,2256,2026-12-20
621,3007,6522,2025-10-05
622,2284,4090,2024-08-20
623,213,3049,2026-10-19
624,4242,6341,2027-02-24
625,965,4289,2025-06-17
626,3656,3516,2027-06-07
627,2340,8048,2025-02-13
628,1005,2224,2024-05-31
629,3704,2829,2027-12-31
630,3647,1439,2027-10-28
631,2619,5693,2027-12-24
632,532,8883,2025-08-17
633,2458,2581,2027-12-28
634,1427,5923,2026-11-07
635,1837,1989,2025-02-15
636,1138,3879,2026-10-08
637,216,5913,2027-02-08
638,4689,6045,2026-08-15
639,4520,2127,2027-06-07
640,707,1078,2025-09-25
641,3262,7843,2026-12-12
642,3366,6709,2027-03-23
643,605,2054,2025-10-11
644,608,7373,2026-08-12
645,4239,5645,2024-09-19
646,4517,2982,2024-09-21
647,3545,8239,2024-04-23
648,1018,8489,2024-11-09
649,2492,2698,2024-11-27
650,2644,3695,2025-12-09
651,4251,4654,2024-06-10
652,2053,3217,2027-07-24
653,4513,4497,2024-09-13
654,2481,8741,2024-07-10
655,4118,2763,2027-04-27
656,4757,2527,2024-12-16
657,4958,5532,2027-02-28
658,338,465,2024-06-15
659,373,4337,2027-08-26
660,1727,6826,2027-06-19
661,249,8160,2027-07-08
662,4470,4746,2027-08-07
663,2475,7913,2025-05-16
664,3327,4874,2026-07-17
665,598,982,2024-11-19
666,3602,6810,2026-09-18
667,3805,3343,2025-11-27
668,4970,2354,2025-10-02
669,2616,5659,2026-03-27
670,1072,6071,2026-11-20
671,4602,1740,2025-10-15
672,1981,7643,2024-09-07
673,2192,7367,2025-05-22
674,1155,1587,2024-04-13
675,2378,6294,2027-06-14
676,3426,4068,2024-11-23
677,2683,5124,2025-01-23
678,1306,8164,2026-11-20
679,3825,8172,2025-09-23
680,4075,380,2024-07-03
681,3222,8282,2026-07-25
682,1973,3525,2027-04-09
683,2891,798,2024-04-13
684,2305,8109,2027-05-08
685,3856,4682,2027-01-04
686,67,1762,2026-06-01
687,1098,4334,2026-01-19
688,3304,5996,2024-04-02
689,3282,839,2027-03-13
690,4603,3190,2026-01-12
691,4533,4729,2024-05-30
692,3165,8262,2026-07-11
693,4505,4583,2027-06-30
694,974,2109,2024-07-17
695,3227,6115,2025-11-25
696,4570,5991,2024-10-22
697,1631,8342,2026-04-02
698,4097,660,2024-04-02
699,319,2246,2025-11-13
700,3881,8509,2026-07-24
701,1221,8447,2024-10-13
702,2687,5219,2024-11-28
703,3220,4903,2027-04-30
704,2756,8312,2026-11-09
705,4361,8026,2027-12-22
706,4612,4912,2026-08-30
707,137,6036,2025-11-09
708,898,6825,2027-04-10
709,2521,437,2027-05-07
710,3888,4351,2027-09-04
711,4739,3729,2024-04-15
712,4781,7872,2024-12-15
713,4295,6230,2024-10-29
714,1985,518,2027-03-18
715,901,3126,2024-02-08
716,3613,5140,2026-05-07
717,1241,6766,2027-11-15
718,1671,6724,2026-10-24
719,3864,1021,2027-12-16
720,1132,8499,2025-02-28
721,4595,5326,2027-09-18
722,3919,8610,2026-02-10
723,2571,2838,2026-07-30
724,4368,5609,2027-01-23
725,2903,4332,2027-06-03
726,3967,3151,2025-05-19
727,2286,4891,2025-04-05
728,2439,4736,2027-12-14
729,1699,8012,2025-10-11
730,3931,5715,2027-02-21
731,2241,4716,2024-09-06
732,4698,6221,2026-03-19
733,2828,2400,2025-08-17
734,345,4713,2024-06-10
735,2838,7248,2027-09-05
736,2101,7850,2025-03-14
737,1656,8825,2025-07-09
738,4605,4451,2024-10-08
739,895,3921,2025-05-11
740,416,8701,2025-04-07
741,1908,861,2024-07-24
742,3386,5412,2026-08-25
743,824,2253,2024-01-11
744,4509,2588,2026-04-13
745,3897,7823,2027-08-25
746,1634,4707,2025-10-19
747,2339,970,2024-07-02
748,4704,3805,2026-12-31
749,306,2869,2026-05-05
750,1441,596,2026-03-24
751,4059,3053,2025-08-15
752,307,152,2025-09-03
753,4653,1759,2025-11-17
754,2332,7445,2027-08-06
755,4451,8591,2026-10-08
756,1100,8262,2026-08-16
757,2236,3160,2024-08-18
758,2709,2663,2026-07-28
759,2108,3051,2024-01-29
760,2762,4834,2027-03-08
761,1583,2876,2027-06-05
762,3322,7008,2026-11-21
763,2687,1422,2026-03-31
764,782,3028,2024-10-14
765,3912,5302,2025-05-23
766,56,4273,2026-02-24
767,1930,7320,2025-06-30
768,2701,4948,2027-04-07
769,4694,188,2025-06-19
770,2946,3872,2024-05-07
771,969,7626,2025-09-20
772,1309,6643,2027-11-06
773,4117,5096,2027-11-14
774,962,4834,2026-01-22
775,1810,3591,2024-09-30
776,3918,2510,2026-07-20
777,4963,6122,2026-05-01
778,4500,7715,2027-01-05
779,1790,4055,2027-10-25
780,4881,1342,2026-12-12
781,3660,8654,2027-12-12
782,2964,1280,2027-03-01
783,920,1012,2027-01-26
784,4141,3313,2027-03-18
785,4397,2456,2024-12-02
786,2688,8526,2026-06-23
787,953,3366,2027-04-09
788,4005,1490,2026-11-11
789,3650,912,2026-07-17
790,1081,8410,2026-04-30
791,3743,946,2027-02-18
792,3788,5050,2024-02-14
793,3244,4170,2024-01-07
794,1786,1197,2024-04-02
795,3471,5645,2027-12-05
796,523,8867,2024-05-03
797,566,7735,2024-03-05
798,2352,6699,2025-01-03
799,1110,6888,2026-02-05
800,3134,7349,2026-02-12
801,3078,1315,2027-10-30
802,4418,2179,2027-08-31
803,2849,1944,2024-12-31
804,4402,6440,2026-12-19
805,1044,3649,2024-01-08
806,187,4889,2026-08-06
807,4461,6949,2026-12-25
808,3108,3763,2025-05-21
809,3774,5672,2024-11-13
810,2259,3089,2024-08-19
811,264,6869,2027-06-13
812,129,3944,2025-02-26
813,552,1654,2027-05-01
814,276,7315,2027-05-09
815,399,4010,2024-03-31
816,3296,7192,2025-04-24
817,4422,3560,2024-04-25
818,1148,8256,2025-08-15
819,1919,5225,2027-03-28
820,4899,5254,2025-04-30
821,2473,2348,2027-09-14
822,4271,3622,2026-04-26
823,2462,4509,2024-05-04
824,4561,2870,2027-07-06
825,3500,8121,2024-04-06
826,2822,6245,2026-12-10
827,2612,6822,2026-04-16
828,1223,4914,2026-02-09
829,1507,8814,2026-08-27
830,1975,3693,2025-09-07
831,1183,7587,2024-04-28
832,4608,6762,2026-05-03
833,4566,8684,2024-10-01
834,3182,3979,2025-06-06
835,1666,5412,2027-08-17
836,648,7370,2026-01-29
837,758,8776,2025-01-25
838,423,4399,2026-02-11
839,4956,648,2024-05-29
840,1542,3556,2026-09-08
841,1712,5456,2025-09-12
842,126,3471,2025-01-24
843,962,7847,2025-05-11
844,4952,3351,2026-03-23
845,1961,5270,2025-08-02
846,3119,7640,2026-12-28
847,2944,5054,2025-06-19
848,2947,8402,2026-10-15
849,3818,1616,2026-08-19
850,2624,3329,2026-01-29
851,2564,6782,2024-04-03
852,4609,3626,2024-10-25
853,133,4273,2027-02-07
854,4785,6842,2025-08-27
855,1249,3215,2025-11-06
856,1885,6224,2027-03-12
857,2014,8181,2027-02-01
858,2766,4217,2026-09-27
859,4019,7551,2024-12-10
860,2886,2774,2024-10-13
861,4478,8001,2025-01-11
862,4442,963,2026-12-09
863,278,1218,2027-09-30
864,398,105,2026-04-24
865,1127,3792,2024-05-19
866,1238,150,2025-03-23
867,4143,7472,2026-02-03
868,496,7917,2027-09-12
869,3997,258,2024-01-14
870,4360,6740,2024-01-25
871,138,8674,2025-07-16
872,4389,4698,2024-02-05
873,4115,7055,2025-01-02
874,877,1579,2026-12-09
875,1220,3949,2025-01-28
876,4313,4136,2025-12-26
877,2190,6503,2024-06-10
878,3057,6653,2026-07-29
879,4629,3985,2027-11-28
880,1851,4915,2027-11-01
881,661,520,2024-07-10
882,3321,6214,2026-02-11
883,4528,7799,2024-04-24
884,78,2808,2024-06-18
885,4095,7110,2027-08-13
886,2714,1563,2026-12-17
887,349,3765,2025-03-08
888,4644,7791,2025-07-09
889,382,1219,2027-11-02
890,2297,540,2025-01-02
891,2577,257,2025-02-28
892,4809,2363,2027-12-30
893,3263,1261,2025-09-04
894,1331,3940,2027-03-06
895,3188,8857,2025-11-10
896,3145,2293,2027-11-12
897,643,8205,2025-12-09
898,440,1601,2026-06-14
899,1902,1246,2025-11-28
900,4958,6500,2025-10-30
901,243,4479,2026-07-11
902,4020,3738,2025-12-29
903,4531,6151,2026-06-03
904,1522,6228,2024-06-24
905,2420,4038,2027-12-31
906,603,1345,2025-07-02
907,1264,6226,2027-12-28
908,1264,6384,2025-10-10
909,2955,1746,2024-07-06
910,43,5051,2026-06-29
911,2949,4420,2024-07-28
912,1086,1431,2025-01-18
913,3531,7354,2027-02-14
914,4545,8396,2026-04-15
915,847,431,2024-07-02
916,2900,1525,2027-05-07
917,4900,5316,2026-02-27
918,102,4782,2026-04-27
919,3177,1388,2027-02-19
920,1989,8538,2024-12-13
921,3119,2778,2024-10-11
922,2203,4934,2025-07-03
923,4040,2391,2024-05-09
924,1370,7122,2025-07-19
925,3450,4912,2026-09-18
926,631,5917,2025-05-30
927,2021,8124,2027-05-01
928,1602,7502,2024-08-07
929,1110,4992,2024-01-14
930,3242,5444,2027-06-24
931,3113,5400,2026-06-20
932,2743,7056,2027-08-26
933,4870,2231,2025-09-07
934,2627,3291,2026-09-08
935,2574,2911,2026-03-26
936,2615,4776,2027-11-24
937,4023,3972,2025-10-29
938,3081,4593,2026-03-15
939,2991,1866,2027-02-28
940,1637,2948,2027-10-28
941,4507,441,2026-08-03
942,1718,7184,2025-08-19
943,567,6704,2027-10-10
944,4091,2281,2027-07-21
945,2481,3966,2025-06-01
946,1263,6933,2026-02-11
947,606,7358,2027-05-09
948,3926,6567,2026-12-30
949,4151,6854,2027-01-18
950,302,5891,2027-12-07
951,4399,1393,2024-08-11
952,2034,5817,2024-12-06
953,363,6548,2025-11-10
954,3527,1736,2024-01-22
955,808,4240,2025-03-30
956,4184,8500,2027-02-16
957,4756,3622,2026-07-01
958,3065,6409,2026-08-06
959,4822,8200,2024-11-04
960,2826,403,2026-09-15
961,857,4841,2026-05-01
962,704,1902,2024-10-17
963,2854,5111,2025-12-03
964,3731,3390,2026-12-03
965,3957,5707,2026-09-02
966,800,7179,2027-11-27
967,3707,5226,2024-05-17
968,2460,733,2027-12-26
969,943,371,2025-12-03
970,896,2693,2025-05-14
971,4228,2859,2027-02-04
972,1312,5423,2027-02-20
973,3493,7571,2025-04-19
974,3319,3023,2025-01-16
975,3541,6482,2024-02-29
976,1617,7366,2027-04-27
977,3519,6371,2024-01-10
978,1760,3372,2025-07-24
979,513,1668,2027-01-04
980,1532,5994,2025-10-29
981,1615,7497,2024-08-21
982,2150,8020,2026-12-16
983,2568,6368,2027-06-05
984,3216,1872,2025-12-13
985,2884,7502,2027-06-18
986,1414,4874,2027-06-12
987,4835,1389,2027-10-08
988,1098,5132,2024-08-29
989,1955,5004,2024-08-27
990,1500,6117,2027-11-21
991,1159,8370,2026-03-06
992,3427,2259,2027-03-23
993,3144,6932,2025-01-15
994,3987,8805,2027-11-21
995,1420,2734,2026-09-29
996,2367,2299,2025-01-18
997,2578,7390,2027-06-22
998,440,5883,2024-01-20
999,3970,2237,2025-02-03
1000,3146,8282,2027-08-30
1001,4055,6704,2027-11-03
1002,4029,6810,2027-12-25
1003,3637,8007,2024-12-08
1004,678,506,2025-03-27
1005,2393,536,2025-07-16
1006,1842,8809,2025-08-14
1007,1378,7493,2027-03-04
1008,4058,8370,2024-08-19
1009,4692,1872,2025-07-02
1010,4450,6011,2027-01-15
1011,341,7232,2027-01-23
1012,1791,6966,2024-07-28
1013,2028,4878,2024-03-07
1014,3685,4306,2025-12-14
1015,713,7194,2024-08-28
1016,1942,3439,2027-04-19
1017,2873,7016,2024-12-05
1018,1141,3386,2025-02-27
1019,487,5748,2026-12-26
1020,2303,8828,2024-12-10
1021,2652,4795,2025-08-15
1022,4692,4381,2026-11-19
1023,781,2222,2026-04-22
1024,486,4544,2027-09-05
1025,1040,2175,2025-05-26
1026,1199,5278,2025-05-21
1027,3218,8020,2024-10-18
1028,4731,4403,2027-07-09
1029,3394,6147,2026-07-14
1030,619,1526,2026-04-05
1031,4224,4559,2027-11-23
1032,3024,7450,2026-09-26
1033,2682,41,2024-07-09
1034,3756,5870,2024-05-09
1035,4379,6517,2025-03-22
1036,3520,3471,2026-10-10
1037,2200,5290,2025-08-03
1038,2767,2140,2027-03-05
1039,3976,5632,2027-10-29
1040,397,753,2024-07-22
1041,3765,267,2024-09-11
1042,1295,7231,2026-07-23
1043,6,7010,2025-02-18
1044,1081,4946,2024-11-21
1045,2245,1530,2027-09-02
1046,2953,4103,2024-06-17
1047,3047,2712,2024-04-16
1048,3247,5006,2027-12-03
1049,1919,7033,2027-09-04
1050,748,1560,2024-01-03
1051,1749,7813,2024-06-08
1052,1088,3706,2026-11-29
1053,3646,153,2024-01-17
1054,2815,1976,2026-05-14
1055,1083,7827,2024-05-25
1056,1876,6277,2024-07-01
1057,840,1691,2025-10-03
1058,3012,4903,2024-10-07
1059,3136,2182,2027-08-06
1060,1171,1121,2026-12-22
1061,4615,139,2027-06-03
1062,1345,7211,2025-12-20
1063,1746,2481,2026-04-23
1064,3625,3560,2024-06-26
1065,824,2294,2024-09-09
1066,4830,6292,2025-12-20
1067,3518,5153,2024-10-13
1068,2030,4538,2027-08-13
1069,691,4066,2027-02-07
1070,4924,4669,2027-11-15
1071,220,4943,2025-02-24
1072,4242,8349,2025-01-21
1073,3210,4843,2027-08-16
1074,448,3922,2026-10-10
1075,3162,1848,2025-05-08
1076,4093,1164,2026-12-17
1077,99,5917,2025-10-10
1078,1082,6338,2027-03-10
1079,3448,5987,2027-01-23
1080,1416,7718,2024-05-29
1081,137,1107,2024-01-29
1082,2148,3535,2024-03-22
1083,496,6521,2026-11-03
1084,2347,8210,2026-04-30
1085,3470,6591,2024-06-17
1086,4396,8809,2027-06-15
1087,1251,4547,2024-06-20
1088,2539,1295,2026-11-13
1089,1665,2546,2027-01-03
1090,2677,6402,2027-04-16
1091,542,5082,2027-12-01
1092,3584,3910,2024-04-28
1093,2003,1413,2026-06-08
1094,951,7429,2027-06-07
1095,4988,902,2025-09-25
1096,1439,1957,2024-01-26
1097,1125,186,2024-12-01
1098,4067,5681,2026-12-07
1099,4238,4248,2024-12-07
1100,3047,2080,2025-07-04
1101,968,481,2025-11-17
1102,3518,4457,2026-12-08
1103,524,4309,2027-12-29
1104,4724,1263,2026-10-13
1105,3729,8369,2026-01-07
1106,455,8186,2027-03-06
1107,1368,6025,2024-11-18
1108,2090,1686,2027-03-21
1109,945,3743,2026-11-08
1110,22,722,2024-01-26
1111,2004,754,2026-08-24
1112,2982,6275,2024-11-03
1113,1467,580,2027-02-06
1114,3436,3679,2025-10-21
1115,2034,6820,2025-10-17
1116,2223,1277,2027-03-16
1117,3055,1957,2026-10-25
1118,432,2939,2025-04-02
1119,4226,753,2026-04-01
1120,565,7621,2025-08-01
1121,2546,5363,2024-06-25
1122,4531,7484,2024-01-17
1123,3023,3288,2025-08-20
1124,4619,4980,2027-06-29
1125,1988,7601,2026-01-24
1126,4848,8084,2025-02-04
1127,4478,4017,2024-11-04
1128,53,6719,2024-02-18
1129,1909,8873,2025-12-10
1130,79,5489,2024-01-03
1131,3083,5039,2024-07-31
1132,1681,8681,2025-05-02
1133,3440,8062,2024-05-02
1134,1167,4585,2024-07-09
1135,360,3793,2026-11-30
1136,3384,6103,2026-07-27
1137,696,1566,2026-11-01
1138,1094,6462,2024-06-02
1139,4849,1021,2026-06-09
1140,1071,3880,2025-08-20
1141,2139,5162,2026-03-15
1142,2673,5212,2026-07-16
1143,2228,3828,2024-06-01
1144,1661,2231,2027-04-12
1145,893,2547,2024-08-04
1146,1347,7366,2026-08-12
1147,2573,6661,2024-09-04
1148,4391,5871,2025-03-01
1149,3703,5052,2026-08-06
1150,2171,1965,2024-07-04
1151,1292,4985,2027-12-14
1152,4943,661,2025-03-16
1153,2686,2431,2024-07-05
1154,2034,5829,2026-03-22
1155,4207,803,2027-10-18
1156,2449,4263,2024-12-22
1157,255,6626,2026-07-15
1158,4555,4094,2024-07-12
1159,3786,1670,2024-10-13
1160,995,196,2024-05-06
1161,1821,2142,2025-02-09
1162,3282,6099,2027-11-06
1163,689,4241,2024-06-02
1164,179,1057,2025-02-08
1165,3633,2111,2024-07-07
1166,2717,2008,2024-03-28
1167,3777,830,2024-12-10
1168,4702,7097,2026-03-19
1169,4065,484,2026-02-22
1170,3496,2832,2025-12-25
1171,1759,3067,2025-07-17
1172,2293,7308,2024-10-31
1173,284,4027,2027-08-18
1174,2418,8174,2026-04-23
1175,4512,7849,2024-05-04
1176,719,4584,2026-02-23
1177,1125,6869,2025-02-12
1178,4308,4083,2027-07-15
1179,4454,320,2026-02-22
1180,2942,7860,2027-01-20
1181,3971,5637,2027-03-04
1182,4116,5270,2026-03-06
1183,2216,2947,2024-02-23
1184,2613,3589,2024-03-01
1185,2302,960,2026-08-24
1186,4338,5857,2027-04-11
1187,1907,2616,2024-07-24
1188,2031,3952,2025-06-29
1189,4372,917,2025-03-25
1190,4717,6364,2025-12-27
1191,1424,2886,2025-04-29
1192,4854,5211,2027-11-29
1193,2940,463,2027-12-11
1194,2881,2329,2027-02-27
1195,1543,8065,2027-01-15
1196,2532,2877,2026-10-01
1197,311,1479,2024-04-25
1198,1906,3585,2024-02-10
1199,4313,7832,2024-01-02
1200,2718,3301,2024-09-24
1201,2792,2908,2025-10-24
1202,488,360,2024-10-29
1203,4806,2321,2024-08-15
1204,4312,5979,2024-05-28
1205,3061,6482,2027-04-15
1206,828,5515,2025-09-10
1207,2643,2236,2024-11-18
1208,3579,7983,2027-08-22
1209,2600,2855,2027-12-19
1210,4604,5847,2025-04-02
1211,4825,2873,2026-02-13
1212,2514,4826,2024-09-17
1213,1456,30,2027-12-08
1214,4693,6416,2027-03-08
1215,266,2984,2027-05-18
1216,2607,3620,2027-08-02
1217,4633,1706,2026-10-13
1218,1153,5426,2024-06-08
1219,1950,5683,2025-10-16
1220,1376,1454,2027-12-22
1221,2751,7318,2024-01-24
1222,2173,3436,2025-05-26
1223,556,5743,2025-06-09
1224,886,21,2024-04-08
1225,3162,7180,2026-05-09
1226,1363,6784,2026-10-06
1227,3103,5755,2027-01-23
1228,3075,1662,2026-09-08
1229,4736,3696,2024-11-29
1230,3697,1208,2024-03-09
1231,2416,329,2025-10-14
1232,2140,1716,2024-05-31
1233,2801,2788,2026-02-07
1234,1319,1229,2027-01-25
1235,763,5537,2027-05-01
1236,3955,508,2026-06-02
1237,1352,7114,2024-11-17
1238,439,1660,2025-11-09
1239,1684,3113,2026-04-18
1240,4540,8850,2025-06-27
1241,2307,4873,2025-05-01
1242,786,814,2026-03-15
1243,4684,8044,2024-11-10
1244,447,5912,2024-01-08
1245,3503,1436,2025-08-26
1246,4917,7870,2025-02-12
1247,795,422,2025-02-27
1248,1400,4782,2024-06-16
1249,3880,1893,2025-09-23
1250,3257,7716,2026-09-28
1251,2171,1494,2027-08-07
1252,4458,6350,2025-01-13
1253,3040,6250,2026-01-26
1254,1529,7304,2024-04-01
1255,2157,7205,2026-08-10
1256,2158,3707,2025-07-04
1257,4623,1010,2024-11-05
1258,793,1405,2027-09-30
1259,2817,8872,2026-04-27
1260,4832,3728,2027-02-07
1261,500,6343,2026-12-06
1262,3430,8774,2027-11-08
1263,3890,3861,2026-09-02
1264,2449,1294,2026-03-19
1265,285,8227,2027-03-15
1266,4234,2416,2024-09-03
1267,3679,2833,2024-12-08
1268,1736,3158,2024-09-15
1269,350,6937,2024-06-09
1270,3567,3309,2027-07-08
1271,1212,4226,2025-10-16
1272,549,1426,2026-03-05
1273,4558,6511,2027-02-04
1274,2672,4526,2026-11-30
1275,3754,203,2027-12-05
1276,4814,8562,2026-05-09
1277,922,6791,2024-11-02
1278,1215,1642,2024-08-04
1279,4610,1655,2025-08-08
1280,4388,5634,2026-04-21
1281,2164,6276,2027-09-03
1282,3978,7751,2024-03-17
1283,1411,4513,2026-04-05
1284,1179,6582,2024-03-20
1285,3243,5432,2027-11-15
1286,1947,808,2026-08-31
1287,2201,6103,2024-02-11
1288,2768,4966,2025-09-28
1289,2297,8055,2027-11-26
1290,805,3735,2024-10-02
1291,2462,7260,2025-10-19
1292,2208,6829,2027-05-23
1293,732,3080,2026-06-23
1294,1732,6672,2026-09-19
1295,4232,6127,2024-04-25
1296,4222,2605,2024-05-14
1297,2549,8304,2026-04-06
1298,1112,8590,2027-03-10
1299,238,2847,2025-01-29
1300,1645,945,2025-05-25
1301,271,7479,2024-04-13
1302,2953,3263,2025-07-15
1303,3018,7606,2026-10-31
1304,3252,2030,2027-10-27
1305,251,3964,2026-02-01
1306,4005,7309,2024-12-29
1307,3888,5731,2025-12-06
1308,1340,4238,2027-11-11
1309,741,4671,2024-02-26
1310,3167,814,2024-11-29
1311,4688,3512,2025-03-29
1312,1845,3388,2025-07-05
1313,3355,8410,2024-02-11
1314,73,7768,2024-09-27
1315,1419,139,2025-04-03
1316,2068,5005,2027-12-30
1317,2256,6944,2026-02-10
1318,2857,7521,2025-05-31
1319,1788,7647,2025-09-10
1320,4266,6507,2027-04-12
1321,839,121,2026-11-13
1322,3066,4632,2025-09-03
1323,886,7893,2024-05-10
1324,2755,4530,2027-08-04
1325,2664,4537,2025-06-18
1326,2448,3087,2024-11-03
1327,4238,3938,2024-04-26
1328,4916,6621,2027-09-14
1329,2619,2293,2024-02-22
1330,4075,4844,2025-06-15
1331,3429,6629,2026-03-06
1332,290,3112,2025-12-03
1333,1822,8760,2027-07-31
1334,3898,5874,2026-11-04
1335,2460,2786,2027-09-08
1336,4574,2968,2025-08-24
1337,800,7714,2024-09-19
1338,2119,3000,2027-10-24
1339,2750,1464,2025-03-31
1340,2911,3660,2025-09-20
1341,3445,5429,2026-01-31
1342,2135,4818,2026-08-07
1343,965,7710,2024-04-19
1344,4781,1167,2026-08-25
1345,1594,8200,2024-09-02
1346,3127,8681,2025-09-03
1347,3385,886,2024-11-04
1348,1126,3282,2025-12-02
1349,3353,7497,2024-10-20
1350,2592,2955,2024-06-14
1351,3995,5450,2027-07-16
1352,1449,5135,2027-07-23
1353,476,78,2026-07-14
1354,2241,3431,2024-12-11
1355,4721,2596,2026-09-29
1356,722,2121,2027-06-12
1357,3553,7036,2026-04-06
1358,3515,7822,2026-02-24
1359,39,619,2026-12-29
1360,1634,6113,2024-01-29
1361,2640,8701,2025-01-25
1362,147,68,2027-07-07
1363,2039,3708,2027-11-21
1364,2821,5114,2024-09-21
1365,842,6285,2026-10-27
1366,4823,5016,2024-12-08
1367,535,750,2025-09-02
1368,2383,7470,2026-12-01
1369,4886,8588,2025-11-22
1370,3553,2193,2025-12-02
1371,4016,5886,2025-01-20
1372,1351,6610,2024-02-09
1373,1872,3676,2024-09-25
1374,1731,360,2027-04-22
1375,4134,2769,2024-09-09
1376,3004,613,2026-02-07
1377,2096,8762,2027-06-30
1378,399,786,2027-09-17
1379,886,324,2024-04-08
1380,949,6829,2026-06-28
1381,3116,2025,2027-01-25
1382,2071,7773,2027-12-08
1383,1255,3367,2027-11-24
1384,77,4934,2026-05-11
1385,828,8525,2025-07-06
1386,4962,2248,2026-05-07
1387,860,8382,2027-06-19
1388,965,4632,2024-08-21
1389,871,8155,2025-02-10
1390,4989,3273,2025-06-22
1391,4286,3305,2026-01-03
1392,3357,4840,2024-11-24
1393,323,8133,2025-03-01
1394,3938,5417,2025-04-25
1395,23,209,2027-10-07
1396,730,1810,2027-03-21
1397,4048,2444,2024-07-03
1398,4192,1230,2024-07-26
1399,2097,3788,2026-07-24
1400,2426,4328,2026-08-08
1401,411,1636,2024-12-23
1402,324,4761,2026-01-07
1403,2562,6980,2024-08-25
1404,779,752,2024-01-20
1405,1134,2794,2025-11-04
1406,2929,7172,2027-06-27
1407,2198,1523,2026-02-02
1408,2808,2997,2024-08-21
1409,3284,6558,2026-07-23
1410,2227,6320,2027-11-13
1411,3918,6910,2027-08-21
1412,1367,1853,2024-09-28
1413,481,2612,2024-07-31
1414,3409,7909,2027-03-11
1415,3590,2970,2027-06-05
1416,3111,5876,2027-06-06
1417,237,2141,2026-09-16
1418,3999,1851,2026-04-22
1419,3611,754,2024-05-09
1420,2144,5149,2024-01-26
1421,4300,3670,2027-10-03
1422,2772,8505,2026-12-07
1423,781,7092,2027-09-17
1424,2037,7896,2025-12-09
1425,3153,2436,2027-02-17
1426,448,191,2027-08-10
1427,1286,8284,2026-08-19
1428,4062,2710,2024-06-02
1429,4028,5254,2025-05-08
1430,2711,4558,2024-04-13
1431,4153,3649,2027-02-01
1432,3102,6608,2025-04-26
1433,646,7522,2026-06-28
1434,4695,7342,2024-06-29
1435,4084,7325,2025-10-09
1436,973,8149,2027-08-31
1437,146,1682,2026-04-06
1438,3378,588,2027-02-15
1439,4499,3,2024-07-05
1440,4950,4991,2026-11-07
1441,4607,3390,2027-09-02
1442,3738,5585,2026-01-14
1443,445,3653,2026-07-19
1444,2720,7752,2027-09-07
1445,2977,7415,2024-08-21
1446,799,3634,2024-01-05
1447,2797,5819,2027-07-21
1448,2392,8553,2026-02-04
1449,871,751,2024-12-02
1450,4034,2302,2026-04-18
1451,877,4167,2027-06-05
1452,1605,3073,2024-09-04
1453,3219,3533,2026-07-25
1454,1562,5537,2024-08-08
1455,3396,762,2027-07-20
1456,4824,2019,2026-07-11
1457,3747,8261,2024-10-02
1458,4087,72,2026-12-22
1459,398,7092,2027-04-13
1460,3957,8329,2024-12-28
1461,4740,2846,2024-09-19
1462,849,6348,2027-09-08
1463,4920,5274,2026-10-29
1464,3152,6860,2027-06-01
1465,2034,4483,2026-03-25
1466,2809,4820,2026-07-16
1467,1093,2264,2026-04-25
1468,4936,8394,2025-09-04
1469,4488,5144,2027-12-28
1470,4535,3561,2025-02-15
1471,1718,4761,2027-11-07
1472,2829,2174,2027-12-25
1473,1457,8256,2027-01-16
1474,2641,1891,2025-12-22
1475,4607,7871,2027-04-08
1476,4675,6840,2027-10-12
1477,4374,4685,2026-05-15
1478,105,8565,2024-08-06
1479,208,6241,2024-10-24
1480,435,928,2025-02-13
1481,2188,2637,2025-08-09
1482,2053,2400,2024-05-07
1483,2418,3343,2027-01-13
1484,265,5877,2026-07-15
1485,840,3676,2027-08-18
1486,4598,6372,2025-05-01
1487,4186,4713,2027-11-20
1488,385,6252,2026-03-04
1489,3413,5123,2027-02-04
1490,441,213,2025-05-29
1491,1664,7260,2025-04-06
1492,3013,3219,2025-01-31
1493,2410,7354,2024-12-29
1494,611,3064,2024-12-21
1495,4210,1956,2026-02-11
1496,333,7021,2025-07-25
1497,4560,4330,2024-09-23
1498,1319,4179,2024-01-12
1499,2708,7641,2027-12-24
1500,1269,655,2024-11-10
1501,2643,834,2027-07-04
1502,2468,8038,2027-03-18
1503,4507,5867,2024-05-29
1504,2604,8609,2025-03-26
1505,1507,8530,2024-05-19
1506,4139,2612,2026-05-01
1507,4449,8799,2026-04-06
1508,754,5725,2025-03-29
1509,1748,5438,2025-11-09
1510,2956,4810,2025-03-23
1511,4346,7781,2027-02-23
1512,73,1880,2027-10-01
1513,2835,7302,2025-05-07
1514,1998,654,2027-10-29
1515,2630,6249,2024-08-20
1516,3162,4204,2027-01-11
1517,2317,405,2026-11-24
1518,3072,8427,2026-11-07
1519,3651,7976,2024-03-30
1520,2429,3155,2025-10-18
1521,4210,1350,2024-07-15
1522,1372,8815,2026-12-28
1523,61,1073,2025-03-07
1524,1747,6951,2024-07-31
1525,1685,8811,2027-12-10
1526,3566,1182,2027-11-06
1527,1260,390,2026-07-29
1528,2718,621,2024-06-28
1529,601,890,2024-12-30
1530,2064,1155,2027-03-23
1531,1865,4238,2026-04-14
1532,3179,7392,2027-07-14
1533,3314,7095,2025-10-09
1534,139,6382,2027-10-10
1535,970,8763,2024-01-13
1536,519,746,2027-12-06
1537,595,5861,2026-10-26
1538,870,4749,2027-11-05
1539,2469,1418,2025-07-30
1540,3586,6250,2026-03-20
1541,253,7766,2024-11-16
1542,4371,3603,2024-10-06
1543,3204,4833,2027-07-22
1544,1181,4884,2027-10-19
1545,3057,183,2027-02-07
1546,4548,2317,2024-09-09
1547,343,83,2027-03-18
1548,4888,6457,2027-01-05
1549,4486,1395,2025-09-16
1550,1721,5634,2025-03-09
1551,3381,8398,2024-10-18
1552,1319,3015,2025-03-28
1553,2071,3184,2024-08-22
1554,1486,892,2027-01-29
1555,3779,1199,2025-08-18
1556,552,4108,2024-07-20
1557,1618,7983,2025-11-08
1558,2926,2101,2027-10-06
1559,1922,1640,2025-08-06
1560,572,3171,2025-10-12
1561,3981,7384,2025-11-03
1562,2505,2497,2027-03-04
1563,4644,5972,2025-10-09
1564,3509,2763,2024-01-10
1565,2566,4034,2025-03-29
1566,3573,4534,2026-01-06
1567,1101,5433,2026-09-09
1568,3792,7297,2026-01-04
1569,2503,7979,2027-02-03
1570,892,2880,2027-08-15
1571,4970,1344,2025-07-28
1572,1147,8825,2025-02-06
1573,2157,1253,2024-06-03
1574,153,8310,2027-07-17
1575,256,6638,2027-04-23
1576,1743,601,2027-02-03
1577,2135,8843,2026-08-24
1578,1218,5994,2026-03-14
1579,1830,4768,2024-10-01
1580,3807,8211,2026-11-11
1581,742,6501,2026-01-15
1582,4114,174,2027-09-19
1583,1957,2718,2026-11-18
1584,1150,7311,2024-11-22
1585,1468,2396,2026-09-17
1586,2940,663,2025-03-24
1587,3995,3797,2024-05-08
1588,2166,6053,2025-04-24
1589,351,3388,2026-11-26
1590,2960,6359,2026-08-19
1591,3725,761,2024-03-22
1592,2655,1692,2027-12-12
1593,4272,4481,2025-06-23
1594,4741,2849,2026-02-10
1595,3101,5986,2027-04-18
1596,638,8466,2025-05-30
1597,3083,3652,2026-11-23
1598,3325,5782,2025-12-07
1599,3989,7899,2027-05-22
1600,55,8223,2024-10-11
1601,3604,2714,2025-04-16
1602,632,8431,2027-08-10
1603,2301,3466,2024-11-03
1604,1532,2579,2026-01-11
1605,4932,1939,2027-09-15
1606,1887,6794,2025-11-07
1607,929,7890,2027-10-14
1608,3923,7849,2025-03-07
1609,4840,2642,2027-08-18
1610,3367,368,2025-05-14
1611,354,2096,2027-03-20
1612,4853,2640,2024-10-02
1613,4200,643,2027-03-18
1614,1204,917,2024-12-06
1615,2116,2950,2026-11-24
1616,3322,306,2027-09-17
1617,2323,1405,2025-03-19
1618,3680,7724,2026-09-13
1619,1398,3595,2026-04-21
1620,4923,2339,2027-04-08
1621,1490,8370,2025-06-25
1622,1374,5615,2026-07-17
1623,4887,1128,2025-04-15
1624,3099,6316,2024-09-27
1625,890,272,2025-02-18
1626,4283,8264,2027-11-02
1627,3439,2451,2027-05-25
1628,789,2907,2026-09-01
1629,4914,640,2026-12-24
1630,4124,1926,2024-07-09
1631,3951,2136,2027-05-20
1632,4418,20,2027-10-21
1633,3535,8554,2026-05-11
1634,3035,712,2027-11-29
1635,4341,7029,2025-04-14
1636,3950,6247,2025-12-18
1637,4826,1601,2026-05-21
1638,1097,4171,2026-09-04
1639,1905,1374,2025-08-03
1640,4902,6696,2025-06-11
1641,1549,90,2027-12-23
1642,59,8562,2024-08-29
1643,4258,118,2026-02-07
1644,1683,5176,2026-04-17
1645,2968,1747,2024-11-12
1646,3491,4156,2025-06-19
1647,4392,6940,2027-03-02
1648,2996,4515,2027-10-25
1649,3256,3338,2026-04-26
1650,4523,7905,2025-01-01
1651,3033,7926,2025-06-03
1652,2513,5642,2027-12-15
1653,3262,2263,2027-09-12
1654,976,3765,2026-07-03
1655,1326,1643,2025-03-15
1656,4165,6563,2025-11-24
1657,4511,853,2024-11-25
1658,3188,87,2024-07-05
1659,1191,7728,2027-05-14
1660,3567,1445,2024-05-11
1661,2156,3634,2026-01-29
1662,656,619,2026-02-26
1663,3283,8537,2025-08-09
1664,4895,942,2024-12-24
1665,4050,7193,2024-01-22
1666,1653,8490,2025-08-08
1667,1596,551,2027-05-12
1668,4183,8452,2027-12-01
1669,1898,2777,2027-10-12
1670,296,5894,2025-05-04
1671,3,2580,2024-06-26
1672,2261,6545,2025-12-24
1673,3238,6643,2027-04-15
1674,1641,8483,2024-02-01
1675,563,1478,2027-01-30
1676,2331,5704,2025-12-12
1677,2266,3708,2027-05-26
1678,1594,7451,2026-04-07
1679,4710,77,2025-06-18
1680,1434,6671,2026-11-02
1681,873,1186,2026-10-27
1682,2411,5571,2024-08-27
1683,4205,4223,2027-01-06
1684,4710,4099,2027-11-22
1685,3628,6179,2027-02-27
1686,3962,3986,2025-11-26
1687,3759,7549,2027-04-16
1688,225,7897,2024-08-26
1689,2113,1107,2026-02-22
1690,1806,3768,2025-10-08
1691,3379,5786,2026-11-23
1692,4389,160,2027-12-06
1693,2158,4068,2025-08-11
1694,762,6537,2027-10-11
1695,2802,1246,2027-02-09
1696,1463,7808,2025-10-04
1697,2897,3581,2027-03-20
1698,2205,2995,2027-10-31
1699,1558,8176,2025-02-12
1700,1924,3966,2025-06-27
1701,1694,3756,2025-02-19
1702,2046,5834,2024-11-15
1703,874,1965,2024-06-09
1704,4036,109,2027-01-13
1705,347,7902,2026-01-30
1706,2584,8067,2027-03-22
1707,2251,8042,2025-01-09
1708,4188,4592,2026-03-25
1709,1820,2102,2024-04-20
1710,4307,6934,2026-09-06
1711,4430,534,2026-10-26
1712,2845,6451,2027-11-06
1713,1432,7491,2024-09-03
1714,4246,7538,2025-10-08
1715,69,194,2027-10-12
1716,1727,6217,2027-04-04
1717,826,5332,2026-01-10
1718,2128,3067,2027-01-28
1719,2154,3886,2025-07-05
1720,3862,5622,2026-01-19
1721,1507,8172,2026-05-18
1722,1725,6867,2027-12-06
1723,3050,5982,2026-03-31
1724,2291,7385,2025-01-03
1725,4681,2149,2027-03-25
1726,1873,1637,2025-07-06
1727,1932,7082,2026-02-19
1728,1607,2390,2024-11-02
1729,3875,160,2024-12-27
1730,3454,8186,2024-10-02
1731,4236,8749,2025-10-08
1732,3987,4916,2025-05-28
1733,4606,782,2026-03-26
1734,811,2677,2024-05-02
1735,1766,4167,2026-09-02
1736,789,7371,2025-11-16
1737,2129,5915,2026-01-07
1738,4591,4223,2025-12-05
1739,163,6747,2024-09-05
1740,2877,3260,2027-03-27
1741,4718,8822,2024-12-23
1742,2332,5819,2025-10-27
1743,4182,7988,2026-07-04
1744,643,6244,2027-06-10
1745,2348,7599,2027-07-17
1746,1187,2746,2027-08-04
1747,2764,6912,2027-07-16
1748,4683,6632,2024-05-26
1749,649,2655,2025-12-04
1750,1870,5137,2025-10-10
1751,2387,4383,2027-05-24
1752,3240,4445,2026-06-30
1753,2976,8536,2026-07-11
1754,3392,2742,2025-01-11
1755,190,2049,2025-04-25
1756,2062,1312,2025-03-07
1757,1368,6506,2024-07-29
1758,783,1046,2026-08-27
1759,4493,882,2024-02-23
1760,3253,8585,2024-06-19
1761,852,4301,2027-06-19
1762,1273,1382,2027-09-03
1763,3194,5069,2025-04-14
1764,2027,4656,2026-06-26
1765,1036,2151,2026-12-14
1766,1398,469,2024-03-12
1767,2924,5329,2026-09-02
1768,3828,8857,2025-07-11
1769,4494,7289,2024-10-03
1770,4418,2901,2027-04-25
1771,4896,7481,2027-07-16
1772,4621,7127,2026-12-08
1773,4373,5074,2025-12-12
1774,3946,8842,2025-04-10
1775,734,7240,2025-09-22
1776,2997,6754,2025-06-16
1777,1276,4974,2024-01-22
1778,1,8575,2024-10-06
1779,2818,4699,2026-08-18
1780,4384,137,2027-11-09
1781,4030,7817,2025-09-05
1782,75,7053,2025-08-22
1783,4891,3789,2024-01-15
1784,4491,6122,2025-01-21
1785,3373,7162,2026-03-19
1786,2048,2676,2027-08-15
1787,3193,6200,2025-03-27
1788,2155,1298,2026-05-14
1789,1963,8465,2027-06-09
1790,2228,4665,2027-08-21
1791,4358,4405,2026-04-25
1792,1541,1122,2025-01-08
1793,1120,4745,2024-08-14
1794,3731,7419,2025-07-11
1795,4031,3077,2025-10-18
1796,159,2493,2024-04-11
1797,4383,363,2025-01-15
1798,838,4623,2025-07-05
1799,1025,7184,2024-01-17
1800,1908,1478,2024-11-04
1801,121,8087,2025-03-20
1802,2801,6886,2025-09-30
1803,4083,6085,2026-08-07
1804,260,5411,2024-06-13
1805,1197,919,2025-06-29
1806,3215,1170,2027-01-17
1807,3852,2976,2025-01-28
1808,2049,6252,2024-01-26
1809,1000,4079,2026-02-27
1810,3629,4050,2024-03-09
1811,1632,7551,2024-07-11
1812,4270,3416,2026-08-26
1813,3188,5114,2025-10-23
1814,1300,692,2027-01-30
1815,4268,2002,2025-06-02
1816,3943,4896,2025-02-10
1817,2953,854,2027-09-27
1818,1785,1851,2025-04-28
1819,3557,5317,2024-01-31
1820,1372,4524,2027-04-12
1821,981,6485,2025-05-12
1822,74,689,2027-04-05
1823,3894,2540,2026-01-30
1824,734,4076,2024-11-18
1825,4096,1498,2027-11-05
1826,2773,984,2024-05-02
1827,2913,2522,2027-12-07
1828,4394,1760,2024-09-14
1829,3997,3813,2025-10-10
1830,4575,5691,2026-06-17
1831,1581,350,2027-11-12
1832,3095,5869,2024-10-02
1833,2054,647,2026-09-20
1834,3585,4829,2027-01-16
1835,4015,3110,2027-03-06
1836,1529,5697,2025-10-24
1837,3838,4511,2027-05-11
1838,4543,2628,2024-05-21
1839,4352,2540,2026-07-09
1840,2423,4315,2027-01-14
1841,3008,7440,2024-01-02
1842,4145,6211,2025-01-14
1843,154,5966,2027-06-24
1844,1957,5255,2024-05-09
1845,4416,6349,2025-01-23
1846,4294,8152,2027-02-03
1847,1263,4639,2025-10-22
1848,3358,5277,2024-08-14
1849,789,8573,2027-09-11
1850,547,718,2024-09-22
1851,1464,513,2025-02-17
1852,877,7953,2025-01-27
1853,809,522,2027-03-15
1854,3184,8027,2026-12-12
1855,4836,4194,2024-04-10
1856,3002,3617,2027-05-25
1857,581,215,2025-03-03
1858,4026,1311,2026-08-16
1859,498,5914,2027-02-16
1860,3408,6047,2027-12-21
1861,478,4356,2026-12-19
1862,334,1154,2025-09-14
1863,639,3538,2026-11-29
1864,796,1659,2025-04-18
1865,4356,6314,2025-01-23
1866,1583,8622,2027-09-07
1867,2038,2932,2027-02-17
1868,4573,6803,2024-08-04
1869,4724,5865,2027-10-13
1870,3758,6998,2024-08-01
1871,1367,2956,2027-01-31
1872,3290,8269,2025-11-22
1873,1296,8748,2027-05-13
1874,3630,5773,2025-10-07
1875,4507,5320,2026-01-31
1876,3378,7055,2025-10-24
1877,4985,3944,2027-02-27
1878,4470,3505,2026-02-07
1879,4508,4163,2026-01-07
1880,3707,7332,2026-03-24
1881,2,568,2025-08-05
1882,4881,268,2026-11-26
1883,1107,4946,2024-01-14
1884,2461,3636,2025-03-15
1885,2580,356,2027-11-13
1886,2261,8377,2027-02-13
1887,4675,2535,2024-07-12
1888,310,7543,2025-12-29
1889,1279,2268,2025-06-26
1890,3008,4094,2025-04-22
1891,2100,4921,2024-07-07
1892,4674,6551,2027-03-11
1893,1782,1265,2025-10-26
1894,3953,2833,2026-09-26
1895,4721,1563,2027-05-04
1896,2461,613,2027-03-26
1897,3126,1286,2024-04-24
1898,2740,5701,2026-06-08
1899,3413,1975,2025-04-09
1900,4935,188,2027-07-22
1901,3134,887,2025-09-16
1902,4296,675,2025-10-15
1903,4424,2451,2025-10-31
1904,4116,3618,2024-11-09
1905,414,6437,2026-07-01
1906,4876,8270,2024-07-03
1907,1820,7077,2025-08-16
1908,3231,2426,2024-09-27
1909,2754,1353,2026-09-01
1910,4682,808,2027-01-27
1911,3271,4302,2024-06-23
1912,3265,8222,2026-06-08
1913,1069,2210,2026-09-11
1914,4582,3246,2026-09-26
1915,3239,3213,2027-02-23
1916,4295,4035,2025-05-11
1917,587,4363,2026-05-30
1918,2650,1468,2024-08-18
1919,3389,6940,2026-01-18
1920,2854,3121,2025-10-18
1921,2823,397,2025-09-16
1922,1387,5730,2027-06-16
1923,3623,2390,2026-06-21
1924,368,3826,2025-02-12
1925,3063,2556,2024-06-24
1926,921,894,2025-05-12
1927,1210,4714,2024-01-29
1928,2813,1824,2025-09-16
1929,3687,7720,2024-02-16
1930,2719,3425,2027-01-06
1931,1736,3340,2027-01-24
1932,4287,4238,2027-01-28
1933,3957,2316,2027-11-24
1934,151,6171,2027-04-08
1935,4316,713,2025-06-07
1936,1396,985,2025-08-04
1937,1645,4445,2024-04-18
1938,3809,137,2024-05-16
1939,3184,4446,2027-09-19
1940,2951,1768,2024-02-09
1941,2397,6333,2025-04-18
1942,3119,8332,2027-12-24
1943,816,5169,2026-09-19
1944,4892,8710,2024-06-29
1945,1528,3259,2026-10-22
1946,3752,353,2024-03-22
1947,2027,8674,2025-09-16
1948,2733,8028,2026-03-16
1949,1287,302,2025-12-11
1950,2883,5823,2027-07-04
1951,2477,3870,2026-10-23
1952,2260,1016,2027-07-05
1953,2111,6344,2024-03-01
1954,4547,4591,2025-04-06
1955,1243,5600,2026-03-15
1956,1125,1439,2026-02-21
1957,4266,3727,2026-05-04
1958,1970,2503,2026-05-23
1959,2560,5396,2026-07-08
1960,4442,2159,2025-02-27
1961,1136,8870,2027-11-01
1962,1658,2263,2025-09-24
1963,4292,2216,2026-05-30
1964,1190,2590,2025-10-12
1965,556,8733,2024-08-30
1966,1509,5204,2024-10-25
1967,242,5222,2026-04-27
1968,3369,4971,2026-06-26
1969,2243,2490,2025-01-19
1970,875,2156,2025-01-13
1971,215,4373,2027-05-25
1972,4646,3784,2027-05-06
1973,1903,3784,2027-11-08
1974,214,5887,2024-06-11
1975,3905,2197,2026-10-25
1976,4954,7681,2027-12-29
1977,3064,3015,2026-03-04
1978,4026,7764,2024-10-08
1979,1342,3167,2025-04-08
1980,265,6695,2024-01-31
1981,2211,6768,2025-03-31
1982,1662,3352,2024-05-15
1983,1451,7198,2027-06-17
1984,4014,5324,2026-07-26
1985,2022,7006,2026-04-09
1986,343,6233,2025-10-02
1987,3229,8785,2026-12-11
1988,316,8531,2024-08-11
1989,3700,7486,2024-03-27
1990,2013,8499,2027-01-06
1991,3241,644,2027-02-16
1992,3174,8457,2027-07-15
1993,404,3111,2025-08-19
1994,3601,6522,2025-09-15
1995,2343,7559,2024-12-06
1996,3461,4824,2027-06-09
1997,447,8471,2024-10-18
1998,3798,7401,2024-07-04
1999,4102,1855,2025-01-03
2000,4796,2217,2026-03-16
